<?xml version="1.0" encoding="utf-8"?>
<Project DefaultTargets="Build" ToolsVersion="15.0" xmlns="http://schemas.microsoft.com/developer/msbuild/2003">
  <ItemGroup Label="ProjectConfigurations">
    <ProjectConfiguration Include="Debug|Win32">
      <Configuration>Debug</Configuration>
      <Platform>Win32</Platform>
    </ProjectConfiguration>
    <ProjectConfiguration Include="Release|Win32">
      <Configuration>Release</Configuration>
      <Platform>Win32</Platform>
    </ProjectConfiguration>
    <ProjectConfiguration Include="Debug|x64">
      <Configuration>Debug</Configuration>
      <Platform>x64</Platform>
    </ProjectConfiguration>
    <ProjectConfiguration Include="Release|x64">
      <Configuration>Release</Configuration>
      <Platform>x64</Platform>
    </ProjectConfiguration>
  </ItemGroup>
  <PropertyGroup Label="Globals">
    <VCProjectVersion>15.0</VCProjectVersion>
    <ProjectGuid>{4F0B74E8-A4D9-45AD-9965-64473C8E12B5}</ProjectGuid>
    <RootNamespace>Worms</RootNamespace>
    <WindowsTargetPlatformVersion>10.0.17763.0</WindowsTargetPlatformVersion>
  </PropertyGroup>
  <Import Project="$(VCTargetsPath)\Microsoft.Cpp.Default.props" />
  <PropertyGroup Condition="'$(Configuration)|$(Platform)'=='Debug|Win32'" Label="Configuration">
    <ConfigurationType>Application</ConfigurationType>
    <UseDebugLibraries>true</UseDebugLibraries>
    <PlatformToolset>v141</PlatformToolset>
    <CharacterSet>MultiByte</CharacterSet>
  </PropertyGroup>
  <PropertyGroup Condition="'$(Configuration)|$(Platform)'=='Release|Win32'" Label="Configuration">
    <ConfigurationType>Application</ConfigurationType>
    <UseDebugLibraries>false</UseDebugLibraries>
    <PlatformToolset>v141</PlatformToolset>
    <WholeProgramOptimization>true</WholeProgramOptimization>
    <CharacterSet>MultiByte</CharacterSet>
  </PropertyGroup>
  <PropertyGroup Condition="'$(Configuration)|$(Platform)'=='Debug|x64'" Label="Configuration">
    <ConfigurationType>Application</ConfigurationType>
    <UseDebugLibraries>true</UseDebugLibraries>
    <PlatformToolset>v141</PlatformToolset>
    <CharacterSet>MultiByte</CharacterSet>
  </PropertyGroup>
  <PropertyGroup Condition="'$(Configuration)|$(Platform)'=='Release|x64'" Label="Configuration">
    <ConfigurationType>Application</ConfigurationType>
    <UseDebugLibraries>false</UseDebugLibraries>
    <PlatformToolset>v141</PlatformToolset>
    <WholeProgramOptimization>true</WholeProgramOptimization>
    <CharacterSet>MultiByte</CharacterSet>
  </PropertyGroup>
  <Import Project="$(VCTargetsPath)\Microsoft.Cpp.props" />
  <ImportGroup Label="ExtensionSettings">
  </ImportGroup>
  <ImportGroup Label="Shared">
  </ImportGroup>
  <ImportGroup Label="PropertySheets" Condition="'$(Configuration)|$(Platform)'=='Debug|Win32'">
    <Import Project="$(UserRootDir)\Microsoft.Cpp.$(Platform).user.props" Condition="exists('$(UserRootDir)\Microsoft.Cpp.$(Platform).user.props')" Label="LocalAppDataPlatform" />
  </ImportGroup>
  <ImportGroup Label="PropertySheets" Condition="'$(Configuration)|$(Platform)'=='Release|Win32'">
    <Import Project="$(UserRootDir)\Microsoft.Cpp.$(Platform).user.props" Condition="exists('$(UserRootDir)\Microsoft.Cpp.$(Platform).user.props')" Label="LocalAppDataPlatform" />
  </ImportGroup>
  <ImportGroup Label="PropertySheets" Condition="'$(Configuration)|$(Platform)'=='Debug|x64'">
    <Import Project="$(UserRootDir)\Microsoft.Cpp.$(Platform).user.props" Condition="exists('$(UserRootDir)\Microsoft.Cpp.$(Platform).user.props')" Label="LocalAppDataPlatform" />
  </ImportGroup>
  <ImportGroup Label="PropertySheets" Condition="'$(Configuration)|$(Platform)'=='Release|x64'">
    <Import Project="$(UserRootDir)\Microsoft.Cpp.$(Platform).user.props" Condition="exists('$(UserRootDir)\Microsoft.Cpp.$(Platform).user.props')" Label="LocalAppDataPlatform" />
  </ImportGroup>
  <PropertyGroup Label="UserMacros" />
  <PropertyGroup />
  <ItemDefinitionGroup Condition="'$(Configuration)|$(Platform)'=='Debug|Win32'">
    <ClCompile>
      <WarningLevel>Level3</WarningLevel>
      <Optimization>Disabled</Optimization>
      <SDLCheck>true</SDLCheck>
      <ConformanceMode>true</ConformanceMode>
      <AdditionalIncludeDirectories>E:\SDL biblioteke\SDL2-2.0.9\include;E:\SDL biblioteke\SDL2_ttf-2.0.15\include;E:\SDL biblioteke\SDL2_image-2.0.4\include;%(AdditionalIncludeDirectories)</AdditionalIncludeDirectories>
      <PreprocessorDefinitions>_MBCS;%(PreprocessorDefinitions)_CRT_SECURE_NO_WARNINGS</PreprocessorDefinitions>
    </ClCompile>
    <Link>
      <AdditionalLibraryDirectories>E:\SDL biblioteke\SDL2-2.0.9\lib\x86;E:\SDL biblioteke\SDL2_ttf-2.0.15\lib\x86;E:\SDL biblioteke\SDL2_image-2.0.4\lib\x86;%(AdditionalLibraryDirectories)</AdditionalLibraryDirectories>
      <AdditionalDependencies>SDL2.lib;SDL2main.lib;SDL2_image.lib;SDL2_ttf.lib;%(AdditionalDependencies)</AdditionalDependencies>
      <SubSystem>Windows</SubSystem>
    </Link>
  </ItemDefinitionGroup>
  <ItemDefinitionGroup Condition="'$(Configuration)|$(Platform)'=='Debug|x64'">
    <ClCompile>
      <WarningLevel>Level3</WarningLevel>
      <Optimization>Disabled</Optimization>
      <SDLCheck>true</SDLCheck>
      <ConformanceMode>true</ConformanceMode>
    </ClCompile>
  </ItemDefinitionGroup>
  <ItemDefinitionGroup Condition="'$(Configuration)|$(Platform)'=='Release|Win32'">
    <ClCompile>
      <WarningLevel>Level3</WarningLevel>
      <Optimization>MaxSpeed</Optimization>
      <FunctionLevelLinking>true</FunctionLevelLinking>
      <IntrinsicFunctions>true</IntrinsicFunctions>
      <SDLCheck>true</SDLCheck>
      <ConformanceMode>true</ConformanceMode>
      <AdditionalIncludeDirectories>E:\SDL biblioteke\SDL2-2.0.9\include;E:\SDL biblioteke\SDL2_ttf-2.0.15\include;E:\SDL biblioteke\SDL2_image-2.0.4\include;%(AdditionalIncludeDirectories)</AdditionalIncludeDirectories>
      <PreprocessorDefinitions>_MBCS;%(PreprocessorDefinitions)_CRT_SECURE_NO_WARNINGS</PreprocessorDefinitions>
    </ClCompile>
    <Link>
      <EnableCOMDATFolding>true</EnableCOMDATFolding>
      <OptimizeReferences>true</OptimizeReferences>
      <AdditionalLibraryDirectories>E:\SDL biblioteke\SDL2-2.0.9\lib\x86;E:\SDL biblioteke\SDL2_ttf-2.0.15\lib\x86;E:\SDL biblioteke\SDL2_image-2.0.4\lib\x86;%(AdditionalLibraryDirectories)</AdditionalLibraryDirectories>
      <AdditionalDependencies>SDL2.lib;SDL2main.lib;SDL2_image.lib;SDL2_ttf.lib;%(AdditionalDependencies)</AdditionalDependencies>
      <SubSystem>Windows</SubSystem>
    </Link>
  </ItemDefinitionGroup>
  <ItemDefinitionGroup Condition="'$(Configuration)|$(Platform)'=='Release|x64'">
    <ClCompile>
      <WarningLevel>Level3</WarningLevel>
      <Optimization>MaxSpeed</Optimization>
      <FunctionLevelLinking>true</FunctionLevelLinking>
      <IntrinsicFunctions>true</IntrinsicFunctions>
      <SDLCheck>true</SDLCheck>
      <ConformanceMode>true</ConformanceMode>
    </ClCompile>
    <Link>
      <EnableCOMDATFolding>true</EnableCOMDATFolding>
      <OptimizeReferences>true</OptimizeReferences>
    </Link>
  </ItemDefinitionGroup>
  <ItemGroup>
    <ClCompile Include="AI.c" />
    <ClCompile Include="continue.c" />
    <ClCompile Include="game.c" />
    <ClCompile Include="gameMode.c" />
    <ClCompile Include="highScores.c" />
    <ClCompile Include="initCreate.c" />
    <ClCompile Include="Main.c" />
    <ClCompile Include="makingMenu.c" />
    <ClCompile Include="map.c" />
    <ClCompile Include="Worm.c" />
  </ItemGroup>
  <ItemGroup>
    <ClInclude Include="AI.h" />
    <ClInclude Include="continue.h" />
    <ClInclude Include="game.h" />
    <ClInclude Include="gameMode.h" />
    <ClInclude Include="highScores.h" />
    <ClInclude Include="initCreate.h" />
    <ClInclude Include="makingMenu.h" />
    <ClInclude Include="map.h" />
    <ClInclude Include="typesShorter.h" />
    <ClInclude Include="Worm.h" />
  </ItemGroup>
  <Import Project="$(VCTargetsPath)\Microsoft.Cpp.targets" />
  <ImportGroup Label="ExtensionTargets">
  </ImportGroup>
</Project>